{
  "Get User" : {
    "transaction" : "Get User",
    "sampleCount" : 2,
    "errorCount" : 0,
    "errorPct" : 0.0,
    "meanResTime" : 1251.0,
    "medianResTime" : 1251.0,
    "minResTime" : 1153.0,
    "maxResTime" : 1349.0,
    "pct1ResTime" : 1349.0,
    "pct2ResTime" : 1349.0,
    "pct3ResTime" : 1349.0,
    "throughput" : 1.2077294685990339,
    "receivedKBytesPerSec" : 4.4888851147343,
    "sentKBytesPerSec" : 0.29957352053140096
  },
  "Post add user" : {
    "transaction" : "Post add user",
    "sampleCount" : 2,
    "errorCount" : 0,
    "errorPct" : 0.0,
    "meanResTime" : 714.5,
    "medianResTime" : 714.5,
    "minResTime" : 370.0,
    "maxResTime" : 1059.0,
    "pct1ResTime" : 1059.0,
    "pct2ResTime" : 1059.0,
    "pct3ResTime" : 1059.0,
    "throughput" : 1.8885741265344667,
    "receivedKBytesPerSec" : 7.01944641170916,
    "sentKBytesPerSec" : 0.6233770066100095
  },
  "Get User-1" : {
    "transaction" : "Get User-1",
    "sampleCount" : 2,
    "errorCount" : 0,
    "errorPct" : 0.0,
    "meanResTime" : 1098.5,
    "medianResTime" : 1098.5,
    "minResTime" : 1072.0,
    "maxResTime" : 1125.0,
    "pct1ResTime" : 1125.0,
    "pct2ResTime" : 1125.0,
    "pct3ResTime" : 1125.0,
    "throughput" : 1.3966480446927374,
    "receivedKBytesPerSec" : 4.5622926850558665,
    "sentKBytesPerSec" : 0.17321709148044692
  },
  "Get User-0" : {
    "transaction" : "Get User-0",
    "sampleCount" : 2,
    "errorCount" : 0,
    "errorPct" : 0.0,
    "meanResTime" : 151.5,
    "medianResTime" : 151.5,
    "minResTime" : 80.0,
    "maxResTime" : 223.0,
    "pct1ResTime" : 223.0,
    "pct2ResTime" : 223.0,
    "pct3ResTime" : 223.0,
    "throughput" : 3.4305317324185247,
    "receivedKBytesPerSec" : 1.5444093053173242,
    "sentKBytesPerSec" : 0.42546633790737565
  },
  "Total" : {
    "transaction" : "Total",
    "sampleCount" : 12,
    "errorCount" : 0,
    "errorPct" : 0.0,
    "meanResTime" : 654.9166666666666,
    "medianResTime" : 681.0,
    "minResTime" : 36.0,
    "maxResTime" : 1349.0,
    "pct1ResTime" : 1290.2000000000003,
    "pct2ResTime" : 1349.0,
    "pct3ResTime" : 1349.0,
    "throughput" : 4.979253112033195,
    "receivedKBytesPerSec" : 12.337914937759335,
    "sentKBytesPerSec" : 0.9595435684647302
  },
  "Post add user-0" : {
    "transaction" : "Post add user-0",
    "sampleCount" : 2,
    "errorCount" : 0,
    "errorPct" : 0.0,
    "meanResTime" : 51.5,
    "medianResTime" : 51.5,
    "minResTime" : 36.0,
    "maxResTime" : 67.0,
    "pct1ResTime" : 67.0,
    "pct2ResTime" : 67.0,
    "pct3ResTime" : 67.0,
    "throughput" : 5.865102639296188,
    "receivedKBytesPerSec" : 2.6404417155425217,
    "sentKBytesPerSec" : 1.2085318914956011
  },
  "Post add user-1" : {
    "transaction" : "Post add user-1",
    "sampleCount" : 2,
    "errorCount" : 0,
    "errorPct" : 0.0,
    "meanResTime" : 662.5,
    "medianResTime" : 662.5,
    "minResTime" : 333.0,
    "maxResTime" : 992.0,
    "pct1ResTime" : 992.0,
    "pct2ResTime" : 992.0,
    "pct3ResTime" : 992.0,
    "throughput" : 2.0161290322580645,
    "receivedKBytesPerSec" : 6.585890246975807,
    "sentKBytesPerSec" : 0.25004725302419356
  }
}